{"cameraMode":{"drawMode":0,"name":"Shaded","section":"Shading Mode"},"sceneLighting":true,"audioPlay":false,"sceneViewState":{"showFog":true,"showMaterialUpdate":false,"showSkybox":true,"showFlares":true,"showImageEffects":true,"showParticleSystems":true},"in2DMode":false,"pivot":{"x":27.60662078857422,"y":9.603155136108399,"z":12.451586723327637},"rotation":{"x":-0.02966950088739395,"y":0.5758422017097473,"z":-0.02091759629547596,"w":-0.8167563080787659},"size":5.145962715148926,"orthographic":false}