{"cameraMode":{"drawMode":0,"name":"Shaded","section":"Shading Mode"},"sceneLighting":true,"audioPlay":false,"sceneViewState":{"showFog":true,"showMaterialUpdate":false,"showSkybox":true,"showFlares":true,"showImageEffects":true,"showParticleSystems":true},"in2DMode":false,"pivot":{"x":18.125045776367189,"y":3.231360673904419,"z":68.32830047607422},"rotation":{"x":-0.09532967209815979,"y":0.5613504648208618,"z":-0.06530188024044037,"w":-0.8194730877876282},"size":9.919246673583985,"orthographic":false}