{"cameraMode":{"drawMode":0,"name":"Shaded","section":"Shading Mode"},"sceneLighting":true,"audioPlay":false,"sceneViewState":{"showFog":true,"showMaterialUpdate":false,"showSkybox":true,"showFlares":true,"showImageEffects":true,"showParticleSystems":true},"in2DMode":false,"pivot":{"x":-0.2801947593688965,"y":1.6610674858093262,"z":-6.1949968338012699},"rotation":{"x":0.1665991097688675,"y":-0.014789926819503308,"z":0.0024989794474095108,"w":0.9859127998352051},"size":5.409916400909424,"orthographic":false}